INSERT INTO users ( email, username, password, user_date, img) VALUES ( 'rosie74@example.net', 'theresia.gulgowski', 'b9e9d30e025c882f0b2154ca24017e4344df2bb7', '2015-05-29 20:22:25', NULL);
INSERT INTO users ( email, username, password, user_date, img) VALUES ( 'vincenzo52@example.org', 'ahuel', 'ded0d9d8418b9d25f4803f021d4abb79efb6ca9d', '2019-07-30 11:18:03', NULL);
INSERT INTO users ( email, username, password, user_date, img) VALUES ( 'keshaun.ledner@example.com', 'iklein', 'a33d745de98c954c5aa5b80a48a56c87f6e4eaeb', '2007-05-07 01:45:25', NULL);
INSERT INTO users ( email, username, password, user_date, img) VALUES ( 'mohammad44@example.com', 'schamberger.glen', '8d3720b5f5580b523a5ef5cc4e71ee9e437e6b59', '2012-03-13 14:35:59', NULL);
INSERT INTO users ( email, username, password, user_date, img) VALUES ( 'cassie52@example.org', 'pearl.cremin', '5ca55e58735fceaf35bd2a8cfefe12b15e005b96', '2007-05-14 07:45:26', NULL);
INSERT INTO users ( email, username, password, user_date, img) VALUES ( 'rbergnaum@example.org', 'dalton41', 'cba399388d10752f23507b6902ab48b600419e2e', '2020-08-14 02:03:13', NULL);
INSERT INTO users ( email, username, password, user_date, img) VALUES ( 'leopoldo.crist@example.org', 'brianne47', '3ce0f627b9344f1bf50fa39d59815c643117ea97', '1996-05-13 23:27:26', NULL);
INSERT INTO users ( email, username, password, user_date, img) VALUES ( 'alford.reilly@example.com', 'christiana27', '6909b4284a6688fa582ba5c3748c0d8bc90c0aad', '1985-01-25 19:35:21', NULL);
INSERT INTO users ( email, username, password, user_date, img) VALUES ( 'barbara09@example.org', 'xbeahan', '2a8b1baa53d36c7f83c0592df703979b09d92e0f', '2006-07-21 16:37:36', NULL);
INSERT INTO users ( email, username, password, user_date, img) VALUES ( 'merl.grady@example.org', 'alize.howe', '76433521ac84e6025368788c9b4e1f8348138c26', '1979-11-08 20:25:11', NULL);

INSERT INTO posts (id, community_name, title, post_text, vote, post_date, user_id) VALUES ('1', 'perspiciatis', 'Odit dolorem veniam nesciunt culpa est ab.', 'Dolores reiciendis nihil aperiam est pariatur.', 33, '2021-08-30 14:10:18', 1);
INSERT INTO posts (id, community_name, title, post_text, vote, post_date, user_id) VALUES ('2', 'pariatur', 'Eos cupiditate molestias nulla iure.', 'Sequi iure illum dolores sint quos consequuntur repellat.', 440, '1970-01-19 19:04:02', 2);
INSERT INTO posts (id, community_name, title, post_text, vote, post_date, user_id) VALUES ('3', 'commodi', 'Vel aliquam veritatis qui explicabo voluptatem cum.', 'Illum voluptatem quia vero consequatur qui soluta.', 50, '1990-11-28 23:42:34', 3);
INSERT INTO posts (id, community_name, title, post_text, vote, post_date, user_id) VALUES ('4', 'quia', 'Iure asperiores nihil ab assumenda velit.', 'Animi quae fugiat qui.', 0, '1995-06-04 16:53:50', 4);
INSERT INTO posts (id, community_name, title, post_text, vote, post_date, user_id) VALUES ('5', 'amet', 'Voluptatem nihil natus est deleniti sunt ut.', 'Sequi quis consequatur est eius quasi.', 10, '1974-01-24 04:08:56', 5);
INSERT INTO posts (id, community_name, title, post_text, vote, post_date, user_id) VALUES ('6', 'omnis', 'Amet nam dolor quae ut aut.', 'Suscipit et voluptatibus voluptates rerum vel.', 1000, '1998-10-16 06:37:50', 6);
INSERT INTO posts (id, community_name, title, post_text, vote, post_date, user_id) VALUES ('7', 'vitae', 'Maxime iure magnam sit perferendis omnis.', 'Cum reiciendis ex dolores hic facere corporis.', 1, '1977-09-13 13:24:04', 7);
INSERT INTO posts (id, community_name, title, post_text, vote, post_date, user_id) VALUES ('8', 'labore', 'Commodi vitae perferendis vero id.', 'Velit maiores quasi eum et possimus ullam modi.', 55, '1978-04-24 21:47:36', 8);
INSERT INTO posts (id, community_name, title, post_text, vote, post_date, user_id) VALUES ('9', 'omnis', 'Alias repellendus qui aut hic.', 'Mollitia quia quibusdam eveniet alias rerum.', 43, '1983-08-13 20:18:43', 9);
INSERT INTO posts (id, community_name, title, post_text, vote, post_date, user_id) VALUES ('10', 'et', 'Perferendis et autem totam magni aut.', 'Voluptate et incidunt ab ut quod eius.', 65, '1994-11-19 04:30:53', 10);
INSERT INTO posts (id, community_name, title, post_text, vote, post_date, user_id) VALUES ('11', 'vitae', 'Nihil quia sed sed ut.', 'Sint nisi minima fugit maxime.', 65, '1989-12-30 06:25:25', 1);
INSERT INTO posts (id, community_name, title, post_text, vote, post_date, user_id) VALUES ('12', 'animi', 'Rem necessitatibus labore similique repudiandae dolorem ad velit.', 'Necessitatibus iusto quod molestias sit.', 6, '1995-11-06 13:22:17', 2);
INSERT INTO posts (id, community_name, title, post_text, vote, post_date, user_id) VALUES ('13', 'quia', 'Aut magnam delectus dolorum accusantium non cupiditate assumenda beatae.', 'Voluptatem quia et excepturi.', 3, '1999-11-01 07:45:24', 3);
INSERT INTO posts (id, community_name, title, post_text, vote, post_date, user_id) VALUES ('14', 'fugit', 'Delectus quos dolore doloribus quaerat.', 'Earum aut non odit impedit ratione alias.', 2, '1989-08-05 06:19:59', 4);
INSERT INTO posts (id, community_name, title, post_text, vote, post_date, user_id) VALUES ('15', 'alias', 'Sit ut et nesciunt hic.', 'Voluptas dolor molestiae non voluptas sunt facere consequuntur.', 6, '1977-02-17 13:35:43', 5);
INSERT INTO posts (id, community_name, title, post_text, vote, post_date, user_id) VALUES ('16', 'qui', 'Possimus suscipit quis quasi nesciunt dolorem officia.', 'Illum officiis officiis exercitationem itaque.', 21, '1996-08-12 20:15:36', 6);
INSERT INTO posts (id, community_name, title, post_text, vote, post_date, user_id) VALUES ('17', 'quia', 'Quidem eum et possimus aut culpa.', 'Enim voluptas eos dicta aut.', 78, '1998-02-10 01:07:50', 7);
INSERT INTO posts (id, community_name, title, post_text, vote, post_date, user_id) VALUES ('18', 'deleniti', 'Aliquam dolorum consequatur sit nemo unde.', 'Quos omnis sit repellat voluptas voluptatem nihil.', 34, '1992-03-05 22:28:41', 8);
INSERT INTO posts (id, community_name, title, post_text, vote, post_date, user_id) VALUES ('19', 'inventore', 'Quia eveniet repudiandae unde eligendi quod ut.', 'Dolores eum sit omnis qui aut.', 4, '2018-07-28 07:31:17', 9);
INSERT INTO posts (id, community_name, title, post_text, vote, post_date, user_id) VALUES ('20', 'reiciendis', 'Dolorem et est neque sed impedit.', 'Perspiciatis enim aut inventore doloremque tempora voluptas.', 0, '2016-08-17 15:24:27', 10);
INSERT INTO posts (id, community_name, title, post_text, vote, post_date, user_id) VALUES ('21', 'aut', 'Asperiores quasi quisquam error id nihil.', 'Exercitationem labore quaerat reprehenderit.', 0, '1992-04-02 12:53:07', 1);
INSERT INTO posts (id, community_name, title, post_text, vote, post_date, user_id) VALUES ('22', 'et', 'Perspiciatis quis nihil iusto nihil est voluptate distinctio.', 'Fugiat quia nobis officia adipisci sapiente praesentium.', 0, '2001-01-01 14:51:41', 2);
INSERT INTO posts (id, community_name, title, post_text, vote, post_date, user_id) VALUES ('23', 'eveniet', 'Voluptatibus quia quia laborum omnis modi quia debitis.', 'Et voluptas tempore dolorem fugit voluptatem aut.', 0, '2010-06-24 09:19:35', 3);
INSERT INTO posts (id, community_name, title, post_text, vote, post_date, user_id) VALUES ('24', 'ducimus', 'Quis accusamus ut sint odit facilis et minima aperiam.', 'Ut aspernatur magni commodi aliquid quis officia.', 0, '2013-05-03 00:17:31', 4);
INSERT INTO posts (id, community_name, title, post_text, vote, post_date, user_id) VALUES ('25', 'cum', 'At nostrum similique quis.', 'Tenetur occaecati voluptatem aut quo iure necessitatibus quidem.', 4, '1988-08-07 11:10:42', 5);
INSERT INTO posts (id, community_name, title, post_text, vote, post_date, user_id) VALUES ('26', 'ratione', 'Incidunt molestias aut itaque labore cumque eum vitae.', 'Repellendus aspernatur consequuntur assumenda ea et facilis.', 0, '1985-03-24 17:34:47', 6);
INSERT INTO posts (id, community_name, title, post_text, vote, post_date, user_id) VALUES ('27', 'fugiat', 'Neque vero magnam nobis dignissimos.', 'Cum ipsam eligendi eligendi amet quasi quos.', 544, '1995-06-05 22:23:33', 7);
INSERT INTO posts (id, community_name, title, post_text, vote, post_date, user_id) VALUES ('28', 'corporis', 'Perferendis fugit iure qui harum est.', 'Cum aperiam ab necessitatibus veniam.', 1333, '1993-05-14 03:26:07', 8);
INSERT INTO posts (id, community_name, title, post_text, vote, post_date, user_id) VALUES ('29', 'iure', 'Rerum tenetur rem vel adipisci.', 'Laudantium aut nam ipsam quidem.', 0, '1996-08-29 16:24:41', 9);
INSERT INTO posts (id, community_name, title, post_text, vote, post_date, user_id) VALUES ('30', 'officia', 'Corrupti et illum dolorem architecto enim asperiores dolore.', 'Sed sit exercitationem sint saepe.', 0, '2020-09-08 04:59:54', 10);

INSERT INTO comments (id, comment_text, vote, comment_date, post_id, user_id) VALUES ('1', 'Officiis minus blanditiis quis dolorem aliquid natus.', 0, '1995-04-27 22:00:53', 1, 1);
INSERT INTO comments (id, comment_text, vote, comment_date, post_id, user_id) VALUES ('2', 'Harum unde a et ut hic maiores adipisci nihil.', 0, '2009-04-23 08:44:09', 1, 2);
INSERT INTO comments (id, comment_text, vote, comment_date, post_id, user_id) VALUES ('3', 'Eos sint doloremque velit et.', 0, '1974-10-12 22:03:37', 1, 3);
INSERT INTO comments (id, comment_text, vote, comment_date, post_id, user_id) VALUES ('4', 'Quod et aliquid nam cum.', 0, '1999-09-21 01:34:38', 1, 4);
INSERT INTO comments (id, comment_text, vote, comment_date, post_id, user_id) VALUES ('5', 'Nulla ut doloremque ipsum qui qui sed tempore aliquid.', 0, '2018-02-15 10:54:10', 5, 5);
INSERT INTO comments (id, comment_text, vote, comment_date, post_id, user_id) VALUES ('6', 'Illum dolores facere praesentium porro quos fugit voluptatem.', 0, '2003-05-24 08:03:34', 6, 6);
INSERT INTO comments (id, comment_text, vote, comment_date, post_id, user_id) VALUES ('7', 'Ducimus totam quis blanditiis beatae ratione voluptas.', 0, '1983-08-18 15:41:55', 7, 7);
INSERT INTO comments (id, comment_text, vote, comment_date, post_id, user_id) VALUES ('8', 'Illo nisi distinctio et.', 0, '1992-04-07 18:42:08', 8, 8);
INSERT INTO comments (id, comment_text, vote, comment_date, post_id, user_id) VALUES ('9', 'Neque aut ipsam deleniti eos commodi tempore ad.', 0, '1994-01-13 12:35:01', 9, 9);
INSERT INTO comments (id, comment_text, vote, comment_date, post_id, user_id) VALUES ('10', 'Corporis magni ratione officiis consequatur dolor impedit esse.', 0, '2010-11-23 02:17:25', 10, 10);
INSERT INTO comments (id, comment_text, vote, comment_date, post_id, user_id) VALUES ('11', 'Commodi sed quis ea voluptatem vel qui accusamus.', 0, '1996-02-15 10:44:51', 11, 1);
INSERT INTO comments (id, comment_text, vote, comment_date, post_id, user_id) VALUES ('12', 'Natus doloremque incidunt iure aut unde velit et.', 0, '1978-06-24 19:47:48', 12, 2);
INSERT INTO comments (id, comment_text, vote, comment_date, post_id, user_id) VALUES ('13', 'Non eveniet nulla facilis voluptas atque voluptas.', 0, '2018-10-06 16:59:53', 13, 3);
INSERT INTO comments (id, comment_text, vote, comment_date, post_id, user_id) VALUES ('14', 'Autem laborum atque dignissimos dolorum expedita at.', 0, '2004-09-23 08:41:54', 14, 4);
INSERT INTO comments (id, comment_text, vote, comment_date, post_id, user_id) VALUES ('15', 'Molestiae et dicta molestiae non earum rerum.', 0, '2010-10-02 16:02:05', 15, 5);
INSERT INTO comments (id, comment_text, vote, comment_date, post_id, user_id) VALUES ('16', 'Labore deserunt nihil praesentium expedita hic eaque.', 0, '1996-02-28 22:33:25', 16, 6);
INSERT INTO comments (id, comment_text, vote, comment_date, post_id, user_id) VALUES ('17', 'Eum voluptate sit provident exercitationem repellendus.', 0, '1970-07-21 11:20:27', 17, 7);
INSERT INTO comments (id, comment_text, vote, comment_date, post_id, user_id) VALUES ('18', 'Sequi aperiam at et eius tenetur delectus ut est.', 0, '2009-11-18 18:04:12', 18, 8);
INSERT INTO comments (id, comment_text, vote, comment_date, post_id, user_id) VALUES ('19', 'Molestiae nam beatae ut rem modi.', 0, '2012-05-30 08:42:15', 19, 9);
INSERT INTO comments (id, comment_text, vote, comment_date, post_id, user_id) VALUES ('20', 'Adipisci vel amet modi facilis possimus sed praesentium quisquam.', 0, '1979-11-25 08:48:25', 20, 10);
INSERT INTO comments (id, comment_text, vote, comment_date, post_id, user_id) VALUES ('21', 'Dolorum qui soluta eos quibusdam iure explicabo sit.', 0, '2017-10-17 05:10:38', 21, 1);
INSERT INTO comments (id, comment_text, vote, comment_date, post_id, user_id) VALUES ('22', 'Dolorum qui voluptatem illum eligendi sapiente fugiat assumenda.', 0, '2003-12-11 22:29:36', 22, 2);
INSERT INTO comments (id, comment_text, vote, comment_date, post_id, user_id) VALUES ('23', 'Ut doloremque consequatur qui cum deserunt corrupti est.', 0, '1980-11-01 18:34:53', 23, 3);
INSERT INTO comments (id, comment_text, vote, comment_date, post_id, user_id) VALUES ('24', 'Ipsum consequatur qui deserunt officia.', 0, '2006-05-31 20:44:55', 24, 4);
INSERT INTO comments (id, comment_text, vote, comment_date, post_id, user_id) VALUES ('25', 'Quo enim quidem quo vitae eaque rem odio.', 0, '1980-05-10 03:07:14', 25, 5);
INSERT INTO comments (id, comment_text, vote, comment_date, post_id, user_id) VALUES ('26', 'Nulla sint voluptates a consequatur blanditiis occaecati rerum.', 0, '2013-03-20 04:15:51', 26, 6);
INSERT INTO comments (id, comment_text, vote, comment_date, post_id, user_id) VALUES ('27', 'Dolor occaecati eum delectus molestiae ipsa et mollitia.', 0, '1996-09-04 04:50:10', 27, 7);
INSERT INTO comments (id, comment_text, vote, comment_date, post_id, user_id) VALUES ('28', 'Tempore et voluptas odio maiores voluptatem consequuntur et.', 0, '2019-05-09 10:56:13', 28, 8);
INSERT INTO comments (id, comment_text, vote, comment_date, post_id, user_id) VALUES ('29', 'Totam cupiditate possimus velit sit dolorem nulla et veniam.', 0, '2019-10-26 05:55:37', 29, 9);
INSERT INTO comments (id, comment_text, vote, comment_date, post_id, user_id) VALUES ('30', 'Repellat nihil repellat rerum ut beatae ea.', 0, '2002-03-11 22:35:27', 30, 10);

INSERT INTO community (id, community_name, post_id) VALUES ('1', 'pariatur', 1);
INSERT INTO community (id, community_name, post_id) VALUES ('2', 'qui', 2);
INSERT INTO community (id, community_name, post_id) VALUES ('3', 'quibusdam', 3);
INSERT INTO community (id, community_name, post_id) VALUES ('4', 'at', 4);
INSERT INTO community (id, community_name, post_id) VALUES ('5', 'voluptate', 5);
INSERT INTO community (id, community_name, post_id) VALUES ('6', 'quia', 6);
INSERT INTO community (id, community_name, post_id) VALUES ('7', 'qui', 7);
INSERT INTO community (id, community_name, post_id) VALUES ('8', 'accusamus', 8);
INSERT INTO community (id, community_name, post_id) VALUES ('9', 'dolorem', 9);
INSERT INTO community (id, community_name, post_id) VALUES ('10', 'doloribus', 10);
INSERT INTO community (id, community_name, post_id) VALUES ('11', 'enim', 11);
INSERT INTO community (id, community_name, post_id) VALUES ('12', 'nulla', 12);
INSERT INTO community (id, community_name, post_id) VALUES ('13', 'et', 13);
INSERT INTO community (id, community_name, post_id) VALUES ('14', 'adipisci', 14);
INSERT INTO community (id, community_name, post_id) VALUES ('15', 'beatae', 15);
INSERT INTO community (id, community_name, post_id) VALUES ('16', 'ad', 16);
INSERT INTO community (id, community_name, post_id) VALUES ('17', 'tempore', 17);
INSERT INTO community (id, community_name, post_id) VALUES ('18', 'et', 18);
INSERT INTO community (id, community_name, post_id) VALUES ('19', 'doloremque', 19);
INSERT INTO community (id, community_name, post_id) VALUES ('20', 'odio', 20);

INSERT INTO follower (id, follower_id, following_id) VALUES ('1', 1, 1);
INSERT INTO follower (id, follower_id, following_id) VALUES ('2', 2, 2);
INSERT INTO follower (id, follower_id, following_id) VALUES ('3', 3, 3);
INSERT INTO follower (id, follower_id, following_id) VALUES ('4', 4, 4);
INSERT INTO follower (id, follower_id, following_id) VALUES ('5', 5, 5);
INSERT INTO follower (id, follower_id, following_id) VALUES ('6', 6, 6);
INSERT INTO follower (id, follower_id, following_id) VALUES ('7', 7, 7);
INSERT INTO follower (id, follower_id, following_id) VALUES ('8', 8, 8);
INSERT INTO follower (id, follower_id, following_id) VALUES ('9', 9, 9);
INSERT INTO follower (id, follower_id, following_id) VALUES ('10', 10, 10);

INSERT INTO saved (id, post_id, user_id) VALUES ('1', 1, 1);
INSERT INTO saved (id, post_id, user_id) VALUES ('2', 2, 2);
INSERT INTO saved (id, post_id, user_id) VALUES ('3', 3, 3);
INSERT INTO saved (id, post_id, user_id) VALUES ('4', 4, 4);
INSERT INTO saved (id, post_id, user_id) VALUES ('5', 5, 5);
INSERT INTO saved (id, post_id, user_id) VALUES ('6', 6, 6);
INSERT INTO saved (id, post_id, user_id) VALUES ('7', 7, 7);
INSERT INTO saved (id, post_id, user_id) VALUES ('8', 8, 8);
INSERT INTO saved (id, post_id, user_id) VALUES ('9', 9, 9);
INSERT INTO saved (id, post_id, user_id) VALUES ('10', 10, 10);
INSERT INTO saved (id, post_id, user_id) VALUES ('11', 11, 1);
INSERT INTO saved (id, post_id, user_id) VALUES ('12', 12, 2);
INSERT INTO saved (id, post_id, user_id) VALUES ('13', 13, 3);
INSERT INTO saved (id, post_id, user_id) VALUES ('14', 14, 4);
INSERT INTO saved (id, post_id, user_id) VALUES ('15', 15, 5);
INSERT INTO saved (id, post_id, user_id) VALUES ('16', 16, 6);
INSERT INTO saved (id, post_id, user_id) VALUES ('17', 17, 7);
INSERT INTO saved (id, post_id, user_id) VALUES ('18', 18, 8);
INSERT INTO saved (id, post_id, user_id) VALUES ('19', 19, 9);
INSERT INTO saved (id, post_id, user_id) VALUES ('20', 20, 10);
